{
 "attach_print": 0,
 "channel": "Email",
 "condition": "doc.status == 'Scheduled'",
 "creation": "2024-09-30 11:26:09.251023",
 "date_changed": "date_of_departure",
 "days_in_advance": 1,
 "docstatus": 0,
 "doctype": "Notification",
 "document_type": "Airplane Flight",
 "enabled": 1,
 "event": "Days Before",
 "idx": 0,
 "is_standard": 1,
 "message": "Learning Notification \n<a href=\"http:newsite:8000/app\">click here</a>",
 "message_type": "Markdown",
 "modified": "2024-09-30 11:26:09.251023",
 "modified_by": "Administrator",
 "module": "Airplane Mode",
 "name": "notification",
 "owner": "Administrator",
 "recipients": [
  {
   "receiver_by_document_field": "owner",
   "receiver_by_role": "System Manager"
  }
 ],
 "send_system_notification": 0,
 "send_to_all_assignees": 0,
 "subject": "Departs in 24 hours!"
}